KEY,ENGLISH,NAHNYA,ROMANIZATION,TRANSLATION_COMMENTS
ACCESSIBILITY,ACCESSIBILITY,,,
ACCOLADES,ACCOLADES,NWNENHFEG,NWNENAHVENG,stamp.pl
ACOLLABBETWEEN,A COLLAB BETWEEN,,,
AGAMEMADEBY,A GAME MADE BY,,,
AGUIDEBY,A Guide by<br>Scoutmaster Myres,,,
AIM,AIM,,,
ALPINE,ALPINE,,,
AMBIENT OCCLUSION,AMBIENT OCCLUSION,,,
ANCIENT LUGGAGE,ANCIENT LUGGAGE,,,
ANCIENT STATUE,ANCIENT STATUE,,,
ANDALLOTHER,And all previous modifiers.,,,
ANTI-ROPE,ANTI-ROPE,,,
ASCENT 1,ASCENT 1,,,
ASCENT 2,ASCENT 2,,,
ASCENT 3,ASCENT 3,,,
ASCENT 4,ASCENT 4,,,
ASCENT 5,ASCENT 5,,,
ASCENT 6,ASCENT 6,,,
ASCENT 7,ASCENT 7,,,
ASCENTSUNLOCKED,ASCENTS UNLOCKED,,,
ASCENTSUNLOCKEDTEXT,Ready for a greater challenge? Ascents add modifiers that make summiting the PEAK more difficult.<br><br>Set your Ascent Level at the Airport Kiosk!,,,
ASK,ask,PYEI,pyei,ask
AUDIO,AUDIO,NWKYHK,NWGYAHK,"audio (TODO: the site writes the nahnya as NWKYHG, is that actually correct?)"
AUTHENTICATING,AUTHENTICATING...,,,
AUTO,AUTO,,,
BACK,BACK,HEYA,HEYA,return
BACKFLIP,backflip,,,
BACKPACK SLOT,BACKPACK SLOT,,,
BADGELOCKED,You don't have this badge yet!,,,
BB_AskYourFriends,you should ask your friends for help!,CAVSHPYEIPHPEDEGSHREFINYADHFHAI,chav sahbyei pahbedeng shre finya dahf hai!,
BB_BadIdea,i think that's a bad idea...,"PHGYE,HEIMWHEIKANYAF!","pahgyw, hei mw heika nyav...",
BB_Definitely,"y-yeah,  definitely!","F,FI.NYAN!","f-fi, nyan!",
BB_DefinitelyNot,d-definitely not...,KRHNYAN,krh nyan,
BB_DontDoit,don't do it...,CAVPRAIKRH!,chav praikrh hei...,
BB_Fine,i think it's fine...,PHGYEKAMWNYAI!,pahgyw ka mw nyai...,
BB_IDunno,i dunno,PHGYEGRE!,pahgywgre,
BB_IfISayYes,"if i say yes, will you take me with you?","SHRHFPEIPYEIPANIRHSA,PEIHNPHDHFI","shrahfbei pyei pa nirh sa, peifaht pahdh fi",
BB_IfYouWanna,if you wanna...,PEIFHNSHNWG!,peifaht sahnwng...,
BB_IGuessSo,i guess so...,HEIMWFI!,hei mw fi...,
BB_ImBingBong,i'm bing bong,PHPWPIGPAG,phpw ping pang,
BB_IMissMyWife,i miss my wife,PHNWGFH,pahnwng fh,
BB_ImNotSure,i'm... not sure...,"PHRHGRE,CWMNYH",phrahgre... chwmnyh,
BB_INTENSENO,NO!!!!!!,KRH!,KRH!!!!!!,
BB_Maybe,maaaaaaaaybe,"ME,,,,,,,PI",meeeeeeeebi,
BB_MAYNEPTUNEBLESSUSALL,,CAVYHGFINYEMYHFANIVAP!,chav yhng finyemyh fanivap...,
BB_Nah,nah...,KRH!,krah...,
BB_No,no.,KRH.,krh.,
BB_NoNoNo,no no no no no,KRHKRHKRHKRHKRH,krh krh krh krh krh,
BB_NotComfortable,i'm not comfortable answering that...,PHNWNGGREPYEIFI,pahnwnggre pyeifi,
BB_NuhUh,n-nuh uh...,"F,FIKRH!",f-fikrh...,
BB_Okay,okay...,NYAI!,nyai...,
BB_PleaseDont,p...please don't...,C.CAVPRAIKRH!,ch...chav praikrh...,
BB_Sure,s...sure,"N,NYAI",n...nyai,
BB_Uh,uh...uhhhhh...,DEI!,dei...,
BB_Yeah,y...yeah...,"F,FI!",f.. fi...,
BB_Yes,yes!,FI,fi!,
BIG LUGGAGE,BIG LUGGAGE,,,
BOARDFLIGHT,board flight,,,
BOARDINGPASS,BOARDING PASS,,,
BODYNEVERFOUND,YOUR BODY WAS<br><size=125%>NEVER FOUND,,,
BODY_BONUSPAGE0,"Dear Diary, bad news!!!<br><br>	The ship captain made an oopsy, and we've wound up crashed on this mysterious island! Thankfully, mysterious islands are my specialty.<br><br>	With our whole troop working together, we'll reach the top of the PEAK and signal for help in no time!<br><br>	In the meantime, I'll take this opportunity to add some additional pages to my famous guidebook.<br><br>	<align=right>-Scoutmaster Myres",,,
BODY_BONUSRULE1,"	Mushrooms can be a valuable source of nutrition in the wilderness. But watch out!! Some of them can kill you, or even make you poop your pants.<br><br>	There's always a way to tell the poisonous ones apart, though. Here's just one example!",,,
BODY_BONUSRULE2,"	If you find a nice place to light a campfire, make sure to bring your friends close by first! The fire brings something even better than heat and cooked food... and that's motivation!",,,
BODY_BONUSRULE3,"	Wuh woh! One of our scouts stepped on a sea urchin and died!!! I was about to get really sad... but one of the other kids touched a weird statue, and brought their friend back to life!",,,
BODY_BONUSRULE3_1,Seems like this island bends the rules of mortality itself... how wacky! Perhaps something else interesting might happen if we use a statue when everyone is still alive...,,,
BODY_BONUSRULE4,"	As we approach the PEAK, the temperature has begun dropping dramatically. Seeking constant cover is a must, and getting caught out in the open when the wind is strong can be a death sentence.",,,
BODY_BONUSRULE4_1,"	If all else fails, huddling with your friends to share body heat might just save you from an icy grave.",,,
BODY_BONUSRULE5,"	I saw such a pretty sight... a beautiful moon-shaped fruit, surrounded by fireflies...<br><br>	I feel so relaxed now... maybe a nap wouldn't be so bad...",,,
BODY_BONUSRULE?,"	I had such a wonderful nap, but when I woke up the rest of the troop was gone!<br><br>	I'm sure they're just around the corner. They wouldn't be so foolish as to break <color=red>Rule 0</color> just because I needed a little lie-down!",,,
BODY_CONCLUSION,"	Exploring the wilderness is a dangerous activity that can kill you instantly - but so is everything in this world worth doing, like falling in love.<br><br>	Never forget to be a good steward towards our beautiful world, and once again, never forget:",,,
BODY_PREFACE,"<br>Ahh....................................................................................................................................................................... nature.<br><br>	What greater ecstacy in this life than crunching down on a succulent granola bar while the wind blows across your scalp atop one of this world's many miraculous mountaintops?<br><br>	But of course, nature is not just some fairground amusement, some attraction we might enjoy leisurely from behind glass! Indeed, nature is as dangerous as it is beautiful. And the view is much better from 10,000 feet up than 6 feet under! (Dead)<br><br>	In my 40 years as a Scoutmaster, I've accumulated a variety of rules for surviving dangerous wilderness situations that should help you out in the unlikely event one of your scout outings goes horribly wrong. But of course, all of these rules pale in comparison to the guiding rule of all scoutdom...",,,
BODY_RULE1,"	First things first: you've gotta get to HIGH GROUND if you wanna be spotted. Nobody ever got rescued off of a mysterious island by loitering around on the beach. So find the nearest peak, and start making your way there.",,,
BODY_RULE1_1,"	Time is of the essence in the wilderness, so get running towards your destination!",,,
BODY_RULE1_2,"	See a gap in the trail, or a prickly thorn? Go ahead and JUMP over it!",,,
BODY_RULE1_3,Keep in mind that jumping while sprinting will tire you out quickly! Take a quick rest if you need to - you won't do anyone any favors by passing out on the mountain!,,,
BODY_RULE2,"	Obviously, you're not going to make it up a mountain without climbing.<br><br>	You can climb almost any surface, so long as you have the stamina!",,,
BODY_RULE3,"	Nothing is more important than sticking together as a team!<br><br>	When your hands are empty, reach out to a friend who's mid-climb and help them reach the next ledge safely!",,,
BODY_RULE3_1,"	You can help from below, too! Crouch down and let a fellow scout stand on your head, then jump to give them a boost!",,,
BODY_RULE4,"	An effective scout keeps an eye on their <color=#0f7f00>Stamina Bar</color> at all times. If it runs out, you'll be temporarily unable to run, jump, and most importantly, climb. <br><br>	Worst case scenario, you could fall off the mountain to your death, which is the worst thing to fall off to!",,,
BODY_RULE5,"	As you make your way through the untamed wilderness, it's inevitable that you'll get some scratches and bumps.<br><br>	The more hurt you get, the less <color=#0f7f00>Stamina</color> you'll have to run and climb, so tend to your injuries as soon as possible with a bandage or a healing herb!",,,
BODY_RULE6,"	Getting hurt isn't the only way for your <color=#0f7f00>Stamina</color> to go downhill fast. As you climb, you'll find yourself experiencing <color=#b58200>Hunger</color>, for which 10/10 experts recommend eating food.<br><br>	Be cautious of eating plants from the wilderness! They could poison you and really mess up your day. If you have the option, choose a packaged snack from a corporation you trust!",,,
BODY_RULE7,"	Putting a backpack on is a great way to carry additional items, which can make the difference between life and death!<br><br>	HOWEVER, the more <color=#61380a>Weight</color> you carry, the less stamina you'll have to climb! An experienced scout knows to pack everything they need... and nothing more!",,,
BODY_RULE8,"	In a survival situation, one of the worst things that can happen is getting separated from the group. <br><br>	Maintain constant communication whenever possible, and point out your next route in advance to avoid leaving a friend behind!",,,
BONUSRULE,BONUS RULE,,,
BUGPHOBIAMODE,BUG PHOBIA MODE,,,
CALDERA,CALDERA,,,
CAMPFIRE,CAMPFIRE,KRIKEIN,KRIKEIN,firepit
CANCEL,CANCEL,YHP,YAHP,stop
CANTLIGHT,can't light campfire with friends missing!,SHMYHPEDAFEKRHKRIKEINNIKRHPHBEDEG,sahmyh pedavegrh krikein nikrh pahbedeng!,start.2SG (permissive mood).NEG fire without friend.PL
CARRY,carry #,DH#,dah #,carry #
CHAIN,CHAIN,DEFHANNAI,DEVHANNAI,rope+metal
CHANGE ANGLE,adjust angle,,,
CINEMA,cinema,SINEMA,sinema,cinema(loan)
CLIMB,CLIMB,DHKHG,DAH KHNG,hold wall
Climbing extra field of view,CLIMBING EXTRA FIELD OF VIEW,,,
CLIMBUSE,CLIMB / USE ITEM,,,
CLOSETHEGAME,Close and update the game.,,,
COLORBLINDNESSMODE,COLOR BLINDNESS MODE,,,
COMMUNE,commune,,,
CONNECTING,CONNECTING...,MYH.,MYH...,starting...
CONTINUE,CONTINUE,KRICA,KRICHA,remain/wait/continue...
CONTROLLER ICONS,CONTROLLER ICONS,,,
CONTROLLER SENSITIVITY,CONTROLLER SENSITIVITY,,,
CONTROLS,CONTROLS,,,
CONTROLSNOTSUPPORTED,Controls remapping is not currently supported.\nYou can use Steam Input to remap gamepads.,,,
COOK,cook,FIGFWM,fingvwm,cook
COOKED_BURNT,BURNT #,,,
COOKED_COOKED,COOKED #,,,
COOKED_INCINERATED,INCINERATED #,,,
COOKED_WELLDONE,WELL-DONE #,,,
CRASHOUT,crashout,,,
CREDITS,CREDITS,PAPADANWFIG,PABADA NWVING,people+development
CROSSED ARMS,crossed arms,,,
CROUCH,CROUCH,,,
DANCE,dance,NEPYAKEG,nebyageng,dance
DANCE2,shimmy,,,
DAY,Day #,NYARI#,Nyari #,day #
DEAD,DEAD,DEGRAFEISE,DEGRAFEISE,lost (from death).PAST
DEFEAT,it's so over,,,
DESC_24 KARAT,Offer The Kiln a worthy sacrifice.,,,
DESC_ADVANCED MYCOLOGY,Try all 5 types of Shroomberry in a single expedition.,,,
DESC_AERONAUTICS,Achieve flight.,,,
DESC_ALPINIST,Climb past the ALPINE.,,,
DESC_ANIMAL SERENADING,Play the bugle for a capybara.,,,
DESC_APPLIED ESOTERICA,Resurrect a friend using unholy means.,,,
DESC_ARBORIST,Reach the top of a really big tree.,,,
DESC_ASCENT 1,FALL DAMAGE IS GREATER.,,,
DESC_ASCENT 2,HUNGER GROWS FASTER.,,,
DESC_ASCENT 3,ITEMS HAVE INCREASED WEIGHT.,,,
DESC_ASCENT 4,THERE ARE NO FLARES ATOP THE PEAK.,,,
DESC_ASCENT 5,THE NIGHT IS COLD.,,,
DESC_ASCENT 6,CLIMBING TAKES ADDITIONAL STAMINA.,,,
DESC_ASCENT 7,YOU CANNOT REVIVE THE DEAD.,,,
DESC_ASTRONOMY,Look a little too closely at the blazing sun.,,,
DESC_BALLOONBADGE,Escape the island without taking fall damage.,,,
DESC_BEACHCOMBER,Climb past the SHORE.,,,
DESC_BINGBONGBADGE,Help Bing Bong escape the island.,,,
DESC_BOOKWORM,Read all of Scoutmaster Myres's journal entries.,,,
DESC_BOULDERING,Place 10 pitons.,,,
DESC_BUNDLED UP,Climb past the ALPINE without ever having more than 20% Cold.,,,
DESC_CALCIUM INTAKE,Block 100 total damage with the Fortified Milk.,,,
DESC_CLUTCH,Resurrect 3 scouts in a single expedition.,,,
DESC_COMPETITIVE EATING,Eat 3 Hot Dogs in 5 seconds or less.,,,
DESC_COOKING,Cook 20 meals at campfires.,,,
DESC_COOL CUCUMBER,Climb past the MESA without ever having more than 10% Heat.,,,
DESC_CRYPTOGASTRONOMY,Cook and eat a Mandrake.,,,
DESC_DAREDEVIL,Shoot across the MESA canyon in a Scout Cannon.,,,
DESC_DISASTER RESPONSE,Pull an unconscious friend 30m with the Rescue Claw.,,,
DESC_EMERGENCY PREPAREDNESS,Heal an unconscious friend with an item to save them from death.,,,
DESC_ENDURANCE,Climb 50m upwards without touching the ground.,,,
DESC_ESOTERICA,Obtain a mystical item.,,,
DESC_FIRST AID,Heal your friends for 100 points of injury in a single expedition.,,,
DESC_FORAGING,Eat 5 different berries in a single expedition.,,,
DESC_FORESTRY,Climb past the ROOTS.,,,
DESC_GOURMAND,"Escape the island after cooking and eating a coconut half, a honeycomb, a yellow winterberry, and an egg.",,,
DESC_HAPPY CAMPER,Receive 5 Morale Boosts from campfires.,,,
DESC_HASTY,Escape the island in under an hour.,,,
DESC_HIGH ALTITUDE,Climb 5000m total.,,,
DESC_KNOT TYING,Place 100m of rope in a single expedition.,,,
DESC_LEAVE NO TRACE,Escape the island without placing anything on the mountain.,,,
DESC_LONE WOLF,Escape the island in a solo expedition.,,,
DESC_MEGAENTOMOLOGY,Survive an Antlion attack.,,,
DESC_MENTORSHIP,Have a 1-on-1 with the Scoutmaster.,,,
DESC_MYCOACROBATICS,Bounce up 40m off a mushroom.,,,
DESC_MYCOLOGY,Eat four different non-toxic mushrooms in a single expedition.,,,
DESC_NATURALIST,Escape the island without eating any packaged food.,,,
DESC_NEEDLEPOINT,Have a lot of cactuses stuck to you.,,,
DESC_NOMAD,Climb past the MESA.,,,
DESC_PARTICIPATION,Have a friend escape the island without you.,,,
DESC_PEAK,THE ISLAND'S DEFAULT DIFFICULTY.,,,
DESC_PEAKBADGE,Reach the PEAK.,,,
DESC_PLUNDERER,Open 15 luggages in a single expedition.,,,
DESC_RESOURCEFULNESS,Give in to your hunger.,,,
DESC_SURVIVALIST,Escape the island without ever losing consciousness.,,,
DESC_TENDERFOOT,CLIMBING TAKES LESS STAMINA. HUNGER GROWS MORE SLOWLY. NO TIME LIMIT.,,,
DESC_TOXICOLOGY,Restore 200 total poison by using items.,,,
DESC_TRAILBLAZER,Climb past the TROPICS.,,,
DESC_TREAD LIGHTLY,Climb past the ROOTS without ever having more than 25% spores.,,,
DESC_ULTIMATE,Catch a Flying Disc from 100m away.,,,
DESC_UNDEAD ENCOUNTER,Cure yourself from a zombie bite.,,,
DESC_VOLCANOLOGY,Climb past the CALDERA.,,,
DESC_WEB SECURITY,Escape a spider's web and survive.,,,
DONTFORGET,DON'T FORGET<br><size=150%>RULE 0!,,,
DRINK,drink,,,
DROP,drop #,YA,ya,drop
DROPTHROW,DROP / THROW (HOLD),,,
EAT,eat,FWM,fwm,eat
EIGHT,Eight,HEICH,Heichh,eight
EMOTE,EMOTE,,,
ENABLECANNIBALISM,ENABLE CANNIBALISM,,,
ENABLED,ENABLED,,,
ENABLETHELOOKER,ENABLE <i>THE LOOKER</i>,,,
Explorer's Luggage,EXPLORER'S LUGGAGE,,,
EXTINGUISH,extinguish,,,
FAILEDTOCONNECT,Failed to connect to Photon Network,,,
FEED TO #TARGETCHAR,feed to #targetchar,,,
FIELD OF VIEW,FIELD OF VIEW,,,
FIRE,fire,KEIN,kein,fire
FIVE,Five,HEINH,Heinah,five
FLAME,FLAME,,,
FLEX,flex,,,
FLIP PAGE,flip page,,,
FOUR,Four,HEI,Hei,four
FRIENDS,OPEN TO FRIENDS,,,
FROM,FROM:,HECIN,HECHIN:,from
FULLSCREEN,FULLSCREEN,,,
GAMEPAD,GAMEPAD,,,
GATE,GATE:,NWFEI,NWVEI:,gate
GATEKIOSK,GATE KIOSK,,,
GEM_ACTIVATED,Gem Activated,,,
GEM_DEACTIVATED,Gem Deactivated,,,
GENERAL,GENERAL,,,
GHOSTMESSAGE,you are a ghost,,,
GIVEUP,give up,,,
GOAT SCOUT,GOAT SCOUT,,,
GRAB,grab,DH,dah,hold
GRAPHICS,GRAPHICS,,,
HEAL #TARGETCHAR,heal #targetchar,FHNYE#,fahnye #,heal #
HEAL INJURIES,heal injuries,FHNYEPADA,fahnye pada,heal body
HEAT UP,heat up,HA,ha,heat
HEAT UP #TARGETCHAR,heat up #targetchar,HA#,ha #,heat #
HELPINGHAND,HELPING HAND,YHHAI,YHHAI,hand+help
HELPINGHANDUSE,HELPING HAND / ALT USE ITEM,,,
HIGH,HIGH,,,
HOLD,hold,DH,dah,hold
HOSTGAME,HOST GAME,MYHFEIFFH,MYH FEIFFH,start+shared
HOWTONOTDIE,HOW TO NOT DIE,,,
INPUTICONS,INPUT ICONS,,,
INSPECT,inspect,NYEI,nyei,look
INTERACT,INTERACT,HAI,HAI,use
INVENTORY SLOT,ITEM SLOT,,,
INVERT X,INVERT X,,,
INVERT Y,INVERT Y,,,
INVITE ONLY,INVITE ONLY,,,
INVITEFRIENDS,INVITE FRIENDS,,,
INVITEFRIENDS_LOWER,invite friends,,,
INVITEKIOSK,INVITE KIOSK,,,
JOINEDTHEEXPEDITION,# joined the expedition.,,,
JUMP,JUMP,PIHE,PIHE,jump
JUMPTOCLIMB,JUMP TO GRAB WALL,PIHEFINYADHKHG,PIHE FINYA DAH KHNG,jump (in order to) hold wall
KANGAROO SCOUT,KANGAROO SCOUT,,,
KBM,KEYBOARD & MOUSE,,,
LANGUAGE,LANGUAGE,SHPRE,SHPRE,our language
LEAVEGAME,LEAVE GAME,PIPI,PIPI,exit
LEFTTHEEXPEDITION,# left the expedition.,#PIPISE,# pipise,# leave.PAST
LEFTTODIE,<size=125%>YOUR FRIENDS<br>LEFT YOU TO DIE,,,
LICK,lick,FWMCI,fwm chi,eat+small
LIGHT,light,,,
LOADING,LOADING,,,
LOBBY MODE,LOBBY MODE,,,
LOOK,look,NYEI,nyei,see
LOW,LOW,,,
LUGGAGE,LUGGAGE,,,
LUNGE,lunge,PIGWF,pi ngwv,move+fast
MASTER VOLUME,MASTER VOLUME,,,
MAX FRAMERATE,MAX FRAMERATE,,,
MEDIUM,MEDIUM,,,
MESA,MESA,,,
MICROPHONE,MICROPHONE,,,
MICROPHONE MODE,MICROPHONE MODE,,,
MODAL_CANTCREATELOBBY_TITLE,FAILED TO CREATE LOBBY,,,
MODAL_CANTFINDLOBBY_BODY,This invite might be out of date.,,,
MODAL_CANTFINDLOBBY_TITLE,FAILED TO FIND LOBBY,,,
MODAL_CANTJOINLOBBY_TITLE,FAILED TO JOIN LOBBY,,,
MODAL_DISCONNECTEDPHOTON_BODY,"You disconnected from Photon, reason: #",,,
MODAL_DISCONNECTEDPHOTON_TITLE,DISCONNECTED FROM PHOTON,,,
MODAL_FAILEDPHOTON_TITLE,FAILED TO FIND PHOTON ROOM,,,
MODAL_FAILEDTOFETCH_BODY,Failed to fetch lobby data.,,,
MODAL_INVALIDLOBBY_BODY,Steam lobby doesn't seem valid.,,,
MODAL_MISMATCH_BODY,Host has different game version: [#] while you have [&].,,,
MODAL_MISMATCH_TITLE,GAME VERSION MISMATCH,,,
MODAL_OUTOFDATE_BODY,"Close the game, and update the game on steam...",,,
MODAL_OUTOFDATE_TITLE,VERSION OUT OF DATE,,,
MORALEBOOST,MORALE BOOST!!,,,
MOUSE SENSITIVITY,MOUSE SENSITIVITY,,,
MOVE,MOVE,,,
MOVE BACKWARD,MOVE BACKWARD,,,
MOVE FORWARD,MOVE FORWARD,,,
MOVE LEFT,MOVE LEFT,,,
MOVE RIGHT,MOVE RIGHT,,,
MULE SCOUT,MULE SCOUT,,,
MUSIC VOLUME,MUSIC VOLUME,,,
NAME,Name,PRENNAI,Prennai,name
NAME_24 KARAT,24 KARAT BADGE,,,
NAME_ADVANCED MYCOLOGY,ADVANCED MYCOLOGY BADGE,,,
NAME_AERONAUTICS,AERONAUTICS BADGE,,,
NAME_AIRLINE FOOD,AIRLINE FOOD,,,
NAME_ALOE VERA,ALOE VERA,,,
NAME_ALPINIST,ALPINIST BADGE,,,
NAME_ANCIENT IDOL,ANCIENT IDOL,,,
NAME_ANIMAL SERENADING,ANIMAL SERENADING BADGE,,,
NAME_ANTI-ROPE CANNON,ANTI-ROPE CANNON,,,
NAME_ANTI-ROPE SPOOL,ANTI-ROPE SPOOL,,,
NAME_ANTIDOTE,ANTIDOTE,,,
NAME_APPLIED ESOTERICA,APPLIED ESOTERICA BADGE,,,
NAME_ARBORIST,ARBORIST BADGE,,,
NAME_ASTRONOMY,ASTRONOMY BADGE,,,
NAME_BACKPACK,BACKPACK,CHKHGSEI,CHHKHNGSEI,container+back
NAME_BALLOON,BALLOON,,,
NAME_BALLOON BUNCH,BALLOON BUNCH,,,
NAME_BALLOONBADGE,BALLOON BADGE,,,
NAME_BANDAGES,BANDAGES,,,
NAME_BASKETBALL,BASKETBALL,,,
NAME_BEACHCOMBER,BEACHCOMBER BADGE,,,
NAME_BEEHIVE,BEEHIVE,KRWMYANEI,KRWMYANEI,house+bee
NAME_BERRYNANA PEEL,BERRYNANA PEEL,,,
NAME_BIG EGG,BIG EGG,NYEDW,NYE DW,egg big
NAME_BIG LOLLIPOP,BIG LOLLIPOP,,,
NAME_BING BONG,BING BONG,PIGPAG,PING PANG,bing bong
NAME_BINGBONGBADGE,BING BONG BADGE,,,
NAME_BINOCULARS,BINOCULARS,,,
NAME_BIRD,BIRD,PW,PW,bird
NAME_BISHOP,BISHOP,,,
NAME_BLACK CLUSTERBERRY,BLACK CLUSTERBERRY,,,
NAME_BLOWGUN,BLOWGUN,,,
NAME_BLUE BERRYNANA,BLUE BERRYNANA,,,
NAME_BLUE SHROOMBERRY,BLUE SHROOMBERRY,,,
NAME_BOOKWORM,BOOKWORM BADGE,,,
NAME_BOULDERING,BOULDERING BADGE,,,
NAME_BOUNCE FUNGUS,BOUNCE FUNGUS,,,
NAME_BROWN BERRYNANA,BROWN BERRYNANA,,,
NAME_BUGLE,BUGLE,,,
NAME_BUGLE OF FRIENDSHIP,BUGLE OF FRIENDSHIP,,,
NAME_BUGLE SHROOM,BUGLE SHROOM,,,
NAME_BUNDLED UP,BUNDLED UP BADGE,,,
NAME_BUTTON SHROOM,BUTTON SHROOM,,,
NAME_CACTUS,CACTUS,,,
NAME_CALCIUM INTAKE,CALCIUM INTAKE BADGE,,,
NAME_CHAIN LAUNCHER,CHAIN LAUNCHER,NWHEINYEFHNDEFHANNAI,NWHEINYE FAHT DEVHANNAI,tool+send rope+metal
NAME_CHECKPOINT FLAG,CHECKPOINT FLAG,,,
NAME_CHUBBY SHROOM,CHUBBY SHROOM,,,
NAME_CLOUD FUNGUS,CLOUD FUNGUS,,,
NAME_CLUSTER SHROOM,CLUSTER SHROOM,,,
NAME_CLUTCH,CLUTCH BADGE,,,
NAME_COCONUT,COCONUT,,,
NAME_COCONUT HALF,COCONUT HALF,,,
NAME_COMPASS,COMPASS,NWHEINYEHEIKA,NWHEINYE HEIKA,tool direction
NAME_COMPETITIVE EATING,COMPETITIVE EATING BADGE,,,
NAME_CONCH,CONCH,,,
NAME_COOKING,COOKING BADGE,,,
NAME_COOL CUCUMBER,COOL CUCUMBER BADGE,,,
NAME_CRYPTOGASTRONOMY,CRYPTOGASTRONOMY BADGE,,,
NAME_CURE-ALL,CURE-ALL,,,
NAME_CURSED SKULL,CURSED SKULL,,,
NAME_DAREDEVIL,DAREDEVIL BADGE,,,
NAME_DISASTER RESPONSE,DISASTER RESPONSE BADGE,,,
NAME_DYNAMITE,DYNAMITE,,,
NAME_EGG,EGG,NYE,NYE,egg
NAME_EMERGENCY PREPAREDNESS,EMERGENCY PREPAREDNESS BADGE,,,
NAME_ENDURANCE,ENDURANCE BADGE,,,
NAME_ENERGY DRINK,ENERGY DRINK,,,
NAME_ESOTERICA,ESOTERICA BADGE,,,
NAME_FAERIE LANTERN,FAERIE LANTERN,,,
NAME_FIRST AID,FIRST AID BADGE,,,
NAME_FIRST AID KIT,FIRST AID KIT,,,
NAME_FLARE,FLARE,,,
NAME_FORAGING,FORAGING BADGE,,,
NAME_FORESTRY,FORESTRY BADGE,,,
NAME_FORTIFIED MILK,FORTIFIED MILK,,,
NAME_FRISBEE,FLYING DISC,,,
NAME_GOLD PRICKLEBERRY,GOLD PRICKLEBERRY,,,
NAME_GOURMAND,GOURMAND BADGE,,,
NAME_GRANOLA BAR,GRANOLA BAR,,,
NAME_GREEN CLUSTERBERRY,GREEN CLUSTERBERRY,,,
NAME_GREEN CRISPBERRY,GREEN CRISPBERRY,,,
NAME_GREEN KINGBERRY,GREEN KINGBERRY,,,
NAME_GREEN SHROOMBERRY,GREEN SHROOMBERRY,,,
NAME_GUIDEBOOK,GUIDEBOOK,,,
NAME_HAPPY CAMPER,HAPPY CAMPER BADGE,,,
NAME_HASTY,HASTY BADGE,,,
NAME_HEAT PACK,HEAT PACK,,,
NAME_HIGH ALTITUDE,HIGH ALTITUDE BADGE,,,
NAME_HONEYCOMB,HONEYCOMB,,,
NAME_HOT DOG,HOT DOG,,,
NAME_KING,KING,,,
NAME_KNIGHT,KNIGHT,,,
NAME_KNOT TYING,KNOT TYING BADGE,,,
NAME_LANTERN,LANTERN,NWHEINYENYA,NWHEINYE NYA,tool light
NAME_LEAVE NO TRACE,LEAVE NO TRACE BADGE,,,
NAME_LONE WOLF,LONE WOLF BADGE,,,
NAME_MAGIC BEAN,MAGIC BEAN,,,
NAME_MANDRAKE,MANDRAKE,,,
NAME_MARSHMALLOW,MARSHMALLOW,,,
NAME_MEDICINAL ROOT,MEDICINAL ROOT,,,
NAME_MEGAENTOMOLOGY,MEGAENTOMOLOGY BADGE,,,
NAME_MEGAPHONE,MEGAPHONE,,,
NAME_MENTORSHIP,MENTORSHIP BADGE,,,
NAME_MYCOACROBATICS,MYCOACROBATICS BADGE,,,
NAME_MYCOLOGY,MYCOLOGY BADGE,,,
NAME_NAPBERRY,NAPBERRY,,,
NAME_NATURALIST,NATURALIST BADGE,,,
NAME_NEEDLEPOINT,NEEDLEPOINT BADGE,,,
NAME_NOMAD,NOMAD BADGE,,,
NAME_ORANGE WINTERBERRY,ORANGE WINTERBERRY,,,
NAME_PANDORA'S LUNCHBOX,PANDORA'S LUNCHBOX,,,
NAME_PARASOL,PARASOL,,,
NAME_PARTICIPATION,PARTICIPATION BADGE,,,
NAME_PASSPORT,PASSPORT,NWRAMPIHEN,NWRAMBIHEN,passport
NAME_PAWN,PAWN,,,
NAME_PEAKBADGE,PEAK BADGE,,,
NAME_PINK BERRYNANA,PINK BERRYNANA,,,
NAME_PIRATE'S COMPASS,PIRATE'S COMPASS,,,
NAME_PITON,PITON,,,
NAME_PLUNDERER,PLUNDERER BADGE,,,
NAME_PORTABLE STOVE,PORTABLE STOVE,,,
NAME_PURPLE KINGBERRY,PURPLE KINGBERRY,,,
NAME_PURPLE SHROOMBERRY,PURPLE SHROOMBERRY,,,
NAME_QUEEN,QUEEN,,,
NAME_RED CLUSTERBERRY,RED CLUSTERBERRY,,,
NAME_RED CRISPBERRY,RED CRISPBERRY,,,
NAME_RED PRICKLEBERRY,RED PRICKLEBERRY,,,
NAME_RED SHROOMBERRY,RED SHROOMBERRY,,,
NAME_REMEDY FUNGUS,REMEDY FUNGUS,,,
NAME_RESCUE CLAW,RESCUE CLAW,,,
NAME_RESOURCEFULNESS,RESOURCEFULNESS BADGE,,,
NAME_ROOK,ROOK,,,
NAME_ROPE CANNON,ROPE CANNON,,,
NAME_ROPE SPOOL,ROPE SPOOL,,,
NAME_SCORCHBERRY,SCORCHBERRY,,,
NAME_SCORPION,SCORPION,,,
NAME_SCOUT CANNON,SCOUT CANNON,,,
NAME_SCOUT COOKIES,SCOUT COOKIES,,,
NAME_SCOUT EFFIGY,SCOUT EFFIGY,,,
NAME_SCOUTMASTER'S BUGLE,SCOUTMASTER'S BUGLE,,,
NAME_SCROLL,SCROLL,,,
NAME_SHELF FUNGUS,SHELF FUNGUS,,,
NAME_SKELETON,SKELETON,,,
NAME_SKELETON_PLAYER,#'S SKELETON,,,
NAME_SNOWBALL,SNOWBALL,,,
NAME_SNOWPILE,SNOW PILE,,,
NAME_SPORTS DRINK,SPORTS DRINK,,,
NAME_STICK,STICK,YHRAM,YEHRAM,stick
NAME_STONE,STONE,HAGKEN,HANGKEN,stone
NAME_STRANGE GEM,STRANGE GEM,,,
NAME_SUNSCREEN,SUNSCREEN,,,
NAME_SURVIVALIST,SURVIVALIST BADGE,,,
NAME_THEBOOKOFBONES,THE BOOK OF BONES,,,
NAME_THORN,THORN,,,
NAME_TICK,TICK,,,
NAME_TORCH,TORCH,YHRAMKEIN,YEHRAM KEIN,stick+fire
NAME_TORN PAGE,TORN PAGE,,,
NAME_TOXICOLOGY,TOXICOLOGY BADGE,,,
NAME_TRAIL MIX,TRAIL MIX,,,
NAME_TRAILBLAZER,TRAILBLAZER BADGE,,,
NAME_TREAD LIGHTLY,TREAD LIGHTLY BADGE,,,
NAME_ULTIMATE,ULTIMATE BADGE,,,
NAME_UNDEAD ENCOUNTER,UNDEAD ENCOUNTER BADGE,,,
NAME_VOLCANOLOGY,VOLCANOLOGY BADGE,,,
NAME_WARP COMPASS,WARP COMPASS,,,
NAME_WEB SECURITY,WEB SECURITY BADGE,,,
NAME_WEIRD SHROOM,WEIRD SHROOM,,,
NAME_YELLOW BERRYNANA,YELLOW BERRYNANA,,,
NAME_YELLOW CLUSTERBERRY,YELLOW CLUSTERBERRY,,,
NAME_YELLOW CRISPBERRY,YELLOW CRISPBERRY,,,
NAME_YELLOW KINGBERRY,YELLOW KINGBERRY,,,
NAME_YELLOW SHROOMBERRY,YELLOW SHROOMBERRY,,,
NAME_YELLOW WINTERBERRY,YELLOW WINTERBERRY,,,
NATIONALITY,Nationality,HENMWFHN,Henmwvaht,island+birth eg. starting island/nationality
NATIVE,NATIVE,,,
NEVERABANDON,Never Abandon a Friend in Need!,,,
NEWBADGES,NEW BADGES,,,
NEWFIT,NEW FIT!,,,
NEWHAT,NEW HAT!,,,
NEWISLANDIN,NEW ISLAND IN,HENYHDEI,HEN YH DEI,island+new in
NEWLOOK,NEW LOOK!,,,
NEWSASH,NEW SASH!,,,
NEXT,NEXT,NIS,NIS,after (TODO: there's probably a better way to do this)
NINE,Nine,HEICAF,Heichav,nine
NO-NO,no-no,"KRH,KRH",krh-krh,no-no
NONE,NONE,NIKRH,NIKRH,without
OFF,OFF,,,
OK,OK,,,
ON,ON,,,
ONE,One,FA,Fa,one
ONLYATMAINMENU,This setting can only be adjusted on the main menu.,,,
OPEN,open,FEI,fei,open
OPEN/CLOSE,open/close,,,
OPEN?,open?,FEIPYEI,fei pyei?,open (question)
OWL SCOUT,OWL SCOUT,,,
PASSENGER,PASSENGER:,,,
PASSPORT,PASSPORT,NWRAMPIHEN,Nwrambihen,passport
PASSPORTNO,Passport no.,FACACINWRAMPIHEN,Fachachi nwrambihen,passport+number
PEAK,PEAK,HEIKE,HEIKE,peak
PEAKSSUMMITTTED,PEAKS SUMMITTED: #,,,
PHOTOBOOTH,PHOTOBOOTH,,,
PHOTOSENSITIVEMODE,PHOTOSENSITIVE MODE,,,
PICKAXE,PICKAXE,,,
PICKUP,pick up,DHF,dahf,pick up
PING,PING LOCATION,,,
PITONPROMPT,PITON,,,
PLACE,place,KRI,kri,place
PLANT,plant,KRI,kri,place
PLAY,play,,,
PLAY DEAD,play dead,,,
PLAYOFFLINE,PLAY OFFLINE,MYHNIKRHKEI,MYH NIKRKEI,start+alone
PLEASEUSE,PLEASE USE HEADPHONES AND A MICROPHONE,,,
PRESSANYBUTTON,PRESS ANY BUTTON TO CONTINUE,,,
PROMOTEDTO,PROMOTED TO:,,,
PROMPT_REBIND,PRESS AN INPUT TO ASSIGN TO<br><size=125%><color=#DDBE55>@</color></size>,,,
PROMPT_RULE1_1,[AIM]LOOK AROUND,,,
PROMPT_RULE1_2,[MOVE]WALK,,,
PROMPT_RULE1_3,[SPRINT]SPRINT,,,
PROMPT_RULE1_4,[JUMP]JUMP,,,
PROMPT_RULE2_1,HOLD[USEPRIMARY]EMPTY-HANDED: GRAB WALL,,,
PROMPT_RULE2_2,[JUMP]IN AIR: GRAB WALL,,,
PROMPT_RULE2_3,[SPRINT]WHILE CLIMBING: LUNGE,,,
PROMPT_RULE3,[USESECONDARY] EMPTY-HANDED: HELP UP FRIEND,,,
PROMPT_RULE3_1,[CROUCH]CROUCH,,,
PROMPT_RULE8,[PING]:PING LOCATION,,,
PUNCHFIST,bully,,,
PUSH TO MUTE,PUSH TO MUTE,,,
PUSH TO TALK,PUSH TO TALK,,,
QUIT,QUIT,PIPI,PIPI,exit
RABBIT SCOUT,RABBIT SCOUT,,,
RACCOON SCOUT,RACCOON SCOUT,,,
READ,READ,DA,DA,read
REBIND,REBIND,,,
REBINDCONTROLS,REBIND CONTROLS,YEIHAKEINISE,YEI HAKEINISE,change.pl control.pl
Reduce Camera Bobbing,REDUCE CAMERA BOBBING,,,
REMOVE,remove,KRIKRH,krikrh,place.NEG
RENDER SCALE,RENDER SCALE,,,
RESET,Reset,,,
RESOLUTION,RESOLUTION,,,
RESTOREDEFAULTS,RESTORE DEFAULTS,,,
RESUME,RESUME,,,
RESURRECTMESSAGE,get resurrected at the statue!,,,
REVIVE,revive,,,
REVIVESCOUTS,revive scouts,,,
REVIVE_BOOKOFBONES,REVIVE?,,,
REWARD,REWARD:,,,
ROOTS,ROOTS,,,
ROPE,ROPE,DEF,DEV,rope
RULE,RULE,DEHFINEIG,DEHFINEING,law
RULE0SIGNATURE,-Scoutmaster Myres,,,
SALUTE,salute,,,
SCOUT,SCOUT,,,
SCOUTCANNONFUSE,FUSE,,,
SCOUTINGREPORT,SCOUTING REPORT,,,
SCROLL,SCROLL,,,
SCROLL BACKWARD,SCROLL BACKWARD,,,
SCROLL FORWARD,SCROLL FORWARD,,,
SELECTMIC,SELECT MICROPHONE,,,
SET,set,,,
SETPITON,set piton,,,
SETTINGS,SETTINGS,NWNEG,NWNENG,want.pl
SEVEN,Seven,HEINDI,Heindi,seven
SFX VOLUME,SFX VOLUME,,,
SHADOW DISTANCE,SHADOW DISTANCE,,,
SHOOT,shoot,,,
SHORE,SHORE,,,
SHRUG,shrug,,,
SIX,Six,HEINCH,Heinchh,six
SOMEONESBACKPACK,#'S BACKPACK,#DHCHKHGSEI,# DAH CHHKHNGSEI,# (posessive) container+back
SPECTATING,spectating:,,,
SPOOL,spool,,,
SPRAY,spray,,,
SPRINTLEAP,SPRINT / LEAP (WHILE CLIMBING),,,
START,START,MYH,MYH,start
START2,start,MYH,myh,start
STASHITEM,stash<br>#,,,
STRUGGLE,struggle,,,
STYLE1,GAMEPAD STYLE 1,,,
STYLE2,GAMEPAD STYLE 2,,,
SWAPITEMDOWN,STASH ITEM,,,
SWAPITEMLEFT,SWAP ITEM LEFT,,,
SWAPITEMRIGHT,SWAP ITEM RIGHT,,,
TADPOLE SCOUT,TADPOLE SCOUT,,,
TAKEITEM,take<br>#,DHF<br>#,dahf<br>#,take<br>#
TEN,Ten,CASAHEINH,Cha sa heinah,2 by 5
TENDERFOOT,TENDERFOOT,,,
TEXTURE QUALITY,TEXTURE QUALITY,,,
THANKSFORPLAYING,THANKS FOR PLAYING!,,,
THE KILN,THE KILN,,,
THEFOGRISES,THE FOG RISES...,,,
THELAVARISES,THE LAVA RISES,,,
THINK,think,CW,chw,think
THISGAMEUSESVOICECHAT,THIS GAME USES VOICE CHAT,,,
THREE,Three,CEI,Chei,three
THROW,throw,YADEHEIPI,ya deheipi,drop+push away
THUMBS UP,thumbs up,,,
TICK,TICK,,,
TICKINTERACT,remove tick,,,
TIE KNOT,tie knot,,,
TIME,TIME,SEIPE,SEIPE,time
TIMELINE,TIMELINE,SAIMERAIN,SAIMERAIN,timeline
TITLE_BONUSRULE1,SCAN YOUR SHROOMS!,,,
TITLE_BONUSRULE2,GATHER 'ROUND THE FIRE!,,,
TITLE_BONUSRULE3,EMBRACE THE OCCULT!,,,
TITLE_BONUSRULE4,HUDDLE UP!,,,
TITLE_BONUSRULE5,I JUST NEED A NAP...,,,
TITLE_BONUSRULE?,WHERE'D EVERYONE GO?,,,
TITLE_CONCLUSION,IN CONCLUSION,,,
TITLE_CRAZY,RULE 0 RULE 0 RULE 0 RULE 0,,,
TITLE_PREFACE,PREFACE,,,
TITLE_RULE0,NEVER ABANDON A FRIEND IN NEED!,,,
TITLE_RULE1,KEEP MOVING!,,,
TITLE_RULE2,KEEP MOVING (UP)!,,,
TITLE_RULE3,ALWAYS LEND A HAND!,,,
TITLE_RULE4,"STAY ALERT, STAY ALIVE!",,,
TITLE_RULE5,LIFE IS PAIN!,,,
TITLE_RULE6,STAY HUNGRY,,,
TITLE_RULE6_1,"<BR><SIZE=30>(ACTUALLY, DON'T!)",,,
TITLE_RULE7,DON'T OVERPACK!,,,
TITLE_RULE8,KEEP AN EYE OUT!,,,
TO,TO:,KRIREIKE,KRIREIKE:,towards
TOMB,TOMB,,,
TOUCH,touch,FAG,fang,touch
TROPICS,TROPICS,,,
TRYAGAIN,TRY AGAIN,,,
TRYCONNECTAGAIN,Try to connect again or play in offline mode?,,,
TWO,Two,CA,Cha,two
UNLOCKED,# UNLOCKED,,,
USE,use,HAI,hai,use
USE ON #TARGETCHAR,use on #targetchar,HAIKRHKEI#targetchar,hai krahgei #targetchar,use against #targetchar
VERSIONOUTOFDATE,VERSION OUT OF DATE,,,
VINE,VINE,,,
VOICE ACTIVATION,VOICE ACTIVATION,,,
VOICES VOLUME,VOICES VOLUME,,,
VSYNC,VSYNC,,,
WAITINGFORALL,waiting for all players...,,,
WARP,warp,,,
WAVE,wave,,,
WEARBACKPACK,wear backpack,PYAICHKHGSEI,pyai chhkhngsei,wear container+back
WEMADEIT,"We made it!!<br><br>Even without our scoutmaster's help, we managed to get rescued!<br><br>SněžnýPerník managed to make it up first.<br>Zedorfska made it out without a scratch.<br>CaptainBear was injured but in great spirits.<br>Squdel & Kirpich are a little bruised. Good thing they had each other!<br>Ronokopl kept the team fed and safe.<br><br>Mr. Myres, if you're reading this... We couldn't find you!! I'm sorry!",,,
WINDOW MODE,WINDOW MODE,,,
WINDOWED,WINDOWED,,,
WINDOWED FULLSCREEN,WINDOWED FULLSCREEN,,,
WOLF SCOUT,WOLF SCOUT,,,
WORLD QUALITY,WORLD QUALITY,,,
YOUPEAKED,YOU PEAKED,SHPIRISECWMHEIKE,SAHBIRISE CHWM HEIKE,
YOURSELF,YOURSELF,SHREPADA,SHRE PADA,your body
ZOOM,zoom,,,
__NATIONALITY,,YHGNYEM,YHNGNYEM,neptunian island
